Designator,Val,Package,Mid X,Mid Y,Rotation,Layer
U1,ESP32-S3-WROOM-1,ESP32-S3,20.00,14.50,0.0,Top
U2,DRV8833PWP,HTSSOP-16,10.00,24.50,0.0,Top
U3,SGM2205-3.3,SOT-23-5,24.00,30.00,0.0,Top
U4,MPU-6050,QFN-24,20.00,24.50,0.0,Top
U5,TP4056,SOIC-8-EP,27.00,34.00,0.0,Top
U6,DW01A,SOT-23-6,13.00,34.00,0.0,Top
Q1,AO3400A,SOT-23,30.00,25.00,0.0,Top
Q2,FS8205A,TSSOP-8,10.00,34.00,0.0,Top
Q3,AO3401A,SOT-23,16.00,30.00,0.0,Top
Q4,AO3401A,SOT-23,16.50,26.50,0.0,Top
R25,47k,R0402,15.20,26.50,0.0,Top
C15,47nF,C0402,17.80,26.50,0.0,Top
F1,1812L150PR,Fuse_1812,34.00,16.50,0.0,Top
C1,470uF,SMD_7343,20.00,30.50,0.0,Top
C5,100uF,SMD_3528,6.00,24.00,0.0,Top
J_USB,TYPE-C-16P,USB-C,20.00,38.00,0.0,Top
J1,VBAT_IN,JST-PH-2P,6.00,34.00,0.0,Top
J2,MOTOR_OUT,HDR-1x2,3.50,20.00,0.0,Top
J3,EPM_OUT,HDR-1x2,36.50,20.00,0.0,Top
J4,FPC_FACE_+X,FPC-6P,37.00,12.00,90.0,Top
J5,FPC_FACE_-X,FPC-6P,3.00,12.00,270.0,Top
J6,FPC_FACE_+Y,FPC-6P,8.00,3.00,0.0,Top
J7,FPC_FACE_-Y,FPC-6P,32.00,3.00,0.0,Top
J8,FPC_FACE_+Z,FPC-6P,8.00,37.00,180.0,Top
J9,FPC_FACE_-Z,FPC-6P,32.00,37.00,180.0,Top
SW1,SW_BOOT,SW_SKRK,34.00,10.00,0.0,Top
SW2,SW_RESET,SW_SKRK,6.00,10.00,0.0,Top
TP1,TestPoint_1.0mm,TP_Pad_1.0mm,8.00,8.00,0.0,Bottom
TP2,TestPoint_1.0mm,TP_Pad_1.0mm,14.00,8.00,0.0,Bottom
TP3,TestPoint_1.0mm,TP_Pad_1.0mm,20.00,8.00,0.0,Bottom
TP4,TestPoint_1.0mm,TP_Pad_1.0mm,26.00,8.00,0.0,Bottom
TP5,TestPoint_1.0mm,TP_Pad_1.0mm,32.00,8.00,0.0,Bottom
TP6,TestPoint_1.0mm,TP_Pad_1.0mm,8.00,14.00,0.0,Bottom
TP7,TestPoint_1.0mm,TP_Pad_1.0mm,14.00,14.00,0.0,Bottom
TP8,TestPoint_1.0mm,TP_Pad_1.0mm,20.00,14.00,0.0,Bottom
TP9,TestPoint_1.0mm,TP_Pad_1.0mm,26.00,14.00,0.0,Bottom
TP10,TestPoint_1.0mm,TP_Pad_1.0mm,32.00,14.00,0.0,Bottom
TP11,TestPoint_1.0mm,TP_Pad_1.0mm,8.00,20.00,0.0,Bottom
TP12,TestPoint_1.0mm,TP_Pad_1.0mm,14.00,20.00,0.0,Bottom
TP13,TestPoint_1.0mm,TP_Pad_1.0mm,20.00,20.00,0.0,Bottom
TP14,TestPoint_1.0mm,TP_Pad_1.0mm,26.00,20.00,0.0,Bottom
TP15,TestPoint_1.0mm,TP_Pad_1.0mm,32.00,20.00,0.0,Bottom
TP16,TestPoint_1.0mm,TP_Pad_1.0mm,8.00,26.00,0.0,Bottom
TP17,TestPoint_1.0mm,TP_Pad_1.0mm,14.00,26.00,0.0,Bottom
TP18,TestPoint_1.0mm,TP_Pad_1.0mm,20.00,26.00,0.0,Bottom
TP19,TestPoint_1.0mm,TP_Pad_1.0mm,26.00,26.00,0.0,Bottom
TP20,TestPoint_1.0mm,TP_Pad_1.0mm,32.00,26.00,0.0,Bottom
TP21,TestPoint_1.0mm,TP_Pad_1.0mm,8.00,32.00,0.0,Bottom
TP22,TestPoint_1.0mm,TP_Pad_1.0mm,14.00,32.00,0.0,Bottom
TP23,TestPoint_1.0mm,TP_Pad_1.0mm,20.00,32.00,0.0,Bottom
TP24,TestPoint_1.0mm,TP_Pad_1.0mm,26.00,32.00,0.0,Bottom
TP25,TestPoint_1.0mm,TP_Pad_1.0mm,32.00,32.00,0.0,Bottom
